<?xml version="1.0" encoding="UTF-8"?>
<project-private xmlns="http://www.netbeans.org/ns/project-private/1">
    <editor-bookmarks xmlns="http://www.netbeans.org/ns/editor-bookmarks/2" lastBookmarkId="0"/>
    <open-files xmlns="http://www.netbeans.org/ns/projectui-open-files/2">
        <group>
            <file>file:/home2/users/alumnes/1202142/NetBeansProjects/JavaApplication1/src/Main.java</file>
            <file>file:/home2/users/alumnes/1202142/NetBeansProjects/JavaApplication1/src/Prac1/IASuccesorFunction.java</file>
            <file>file:/home2/users/alumnes/1202142/NetBeansProjects/JavaApplication1/src/Prac1/IASuccesorSA.java</file>
            <file>file:/home2/users/alumnes/1202142/NetBeansProjects/JavaApplication1/src/Prac1/IAMap.java</file>
            <file>file:/home2/users/alumnes/1202142/NetBeansProjects/JavaApplication1/src/Prac1/IAViajes.java</file>
        </group>
    </open-files>
</project-private>
